url	categories	category_count	menu_labels	page_title	h1	review	broad_affiliation	specific_affiliation	affiliation_aliases	relationship	derivation_basis	derived_review
https://skyhawk.org/article-unit/a4llc	civilian	1	Sky Resources; formerly A-4LLC	A-4L LLC | The Skyhawk Association	A-4L LLC	YES	Civilian	Sky Resources	A-4LLC	civilian operator	Gene review 2026-09-27	NO
https://skyhawk.org/article-unit/collings-foundation	civilian	1	Collings Foundation	BuNo 153524, N245CF - TA-4J Collings Foundation | The Skyhawk Association	BuNo 153524, N245CF - TA-4J Collings Foundation	NO	Civilian	Collings Foundation		operator/collection	Civilian Skyhawks menu label + page title	NO
https://skyhawk.org/article-unit/discover-air	civilian	1	Top Aces (formerly Discover Air)	Discovery Air | The Skyhawk Association	Discovery Air	YES	Civilian	Top Aces	Discover Air	civilian operator	Gene review 2026-09-27	NO
https://skyhawk.org/article-unit/draken-international	civilian	1	Draken International	Draken International | The Skyhawk Association	Draken International	NO	Civilian	Draken International		operator/collection	Civilian Skyhawks menu label + page title	NO
https://skyhawk.org/article-unit/pacific-aero-ventures	civilian	1	Pacific Aero Ventures LLC:	Pacific Aero Ventures LLC. | The Skyhawk Association	Pacific Aero Ventures LLC.	NO	Civilian	Pacific Aero Ventures LLC		operator/collection	Civilian Skyhawks menu label + page title	NO
https://skyhawk.org/article-unit/tass	civilian	1	TASS	TASS | The Skyhawk Association	TASS	NO	Civilian	TASS		operator/collection	Civilian Skyhawks menu label + page title	NO
https://skyhawk.org/article-unit/vac	civilian	1	Valiant Air Command War Bird Museum	Valiant Air Command War Bird Museum/Skyhawk Ventures | The Skyhawk Association	Valiant Air Command War Bird Museum/Skyhawk Ventures	NO	Civilian	Valiant Air Command War Bird Museum	Skyhawk Ventures	operator/collection	Civilian Skyhawks menu label + page title	NO
https://skyhawk.org/article-unit/argentine-air-force	foreign	1	Argentina - Air Force	Argentine Air Force | The Skyhawk Association	Argentine Air Force	NO	Foreign Military	Argentine Air Force		operator	Non-U.S.A. menu label + page title/URL	NO
https://skyhawk.org/article-unit/argentine-third	foreign	1	Argentina Navy	Argentine Third Escuadrilla Tábanos | The Skyhawk Association	Argentine Third Escuadrilla Tábanos	NO	Foreign Military	Argentine Navy		operator	Non-U.S.A. menu label + page title/URL	NO
https://skyhawk.org/article-unit/australia-navy	foreign	1	Australia	Australian Navy Skyhawks | The Skyhawk Association	Australian Navy Skyhawks	NO	Foreign Military	Australian Navy		operator	Non-U.S.A. menu label + page title/URL	NO
https://skyhawk.org/article-unit/belgium-evualuates	foreign	1	Belgium	Belgium Evaulates the Skyhawk | The Skyhawk Association	Belgium Evaulates the Skyhawk	NO	Foreign Military	Belgium		evaluation	Non-U.S.A. menu label + page title/URL	NO
https://skyhawk.org/article-unit/brazil-navy-skyhawks	foreign	1	Brazil - Navy	Brazil Navy Skyhawks | The Skyhawk Association	Brazil Navy Skyhawks	NO	Foreign Military	Brazilian Navy		operator	Non-U.S.A. menu label + page title/URL	NO
https://skyhawk.org/article-unit/france-evaulates	foreign	1	France	France checks out the Skyhawk | The Skyhawk Association	France checks out the Skyhawk	NO	Foreign Military	France		evaluation	Non-U.S.A. menu label + page title/URL	NO
https://skyhawk.org/article-unit/indonesia	foreign	1	Indonesia	Indonesia Air Force Skyhawks | The Skyhawk Association	Indonesia Air Force Skyhawks	NO	Foreign Military	Indonesian Air Force		operator	Non-U.S.A. menu label + page title/URL	NO
https://skyhawk.org/article-unit/israeli-skyhawks	foreign	1	Israel - Air Force	Israeli A-4 Skyhawks | The Skyhawk Association	Israeli A-4 Skyhawks	NO	Foreign Military	Israeli Air Force		operator	Non-U.S.A. menu label + page title/URL	NO
https://skyhawk.org/article-unit/kuwait	foreign	1	Kuwait	Kuwait Air Force | The Skyhawk Association	Kuwait Air Force	NO	Foreign Military	Kuwait Air Force		operator	Non-U.S.A. menu label + page title/URL	NO
https://skyhawk.org/article-unit/proposal-canada	foreign	1	Canada	Skyhawk proposal for Canada | The Skyhawk Association	Skyhawk proposal for Canada	NO	Foreign Military	Canada		proposal	Non-U.S.A. menu label + page title/URL	NO
https://skyhawk.org/article-unit/proposal-greece	foreign	1	Greece	Skyhawk Propsal for Greece | The Skyhawk Association	Skyhawk Propsal for Greece	NO	Foreign Military	Greece		proposal	Non-U.S.A. menu label + page title/URL	NO
https://skyhawk.org/article-unit/proposal-india-navy	foreign	1	Indian Navy	Skyhawk Proposal for India's Navy | The Skyhawk Association	Skyhawk Proposal for India's Navy	NO	Foreign Military	Indian Navy		proposal	Non-U.S.A. menu label + page title/URL	NO
https://skyhawk.org/article-unit/proposal-lebanon	foreign	1	Lebanon	Lebanon Skyhawk Proposal | The Skyhawk Association	Lebanon Skyhawk Proposal	NO	Foreign Military	Lebanon		proposal	Non-U.S.A. menu label + page title/URL	NO
https://skyhawk.org/article-unit/proposal-netherlands	foreign	1	Netherlands	Netherlands Skyhawk Proposal | The Skyhawk Association	Netherlands Skyhawk Proposal	NO	Foreign Military	Netherlands		proposal	Non-U.S.A. menu label + page title/URL	NO
https://skyhawk.org/article-unit/proposal-switzerland	foreign	1	Switzerland	Skyhawk proposal for Switzerland | The Skyhawk Association	Skyhawk proposal for Switzerland	NO	Foreign Military	Switzerland		proposal	Non-U.S.A. menu label + page title/URL	NO
https://skyhawk.org/article-unit/rmaf-air-force	foreign	1	Malaysia	Royal Malaysian Air Force Skyhawks | The Skyhawk Association	Royal Malaysian Air Force Skyhawks	NO	Foreign Military	Royal Malaysian Air Force		operator	Non-U.S.A. menu label + page title/URL	NO
https://skyhawk.org/article-unit/rnzaf-skyhawks	foreign	1	New Zealand	Royal New Zealand Air Force A-4 Skyhawks | The Skyhawk Association	Royal New Zealand Air Force A-4 Skyhawks	NO	Foreign Military	Royal New Zealand Air Force		operator	Non-U.S.A. menu label + page title/URL	NO
https://skyhawk.org/article-unit/rsaf-skyhawks	foreign	1	Singapore	Republic of Singapore Air Force Skyhawks | The Skyhawk Association	Republic of Singapore Air Force Skyhawks	NO	Foreign Military	Republic of Singapore Air Force		operator	Non-U.S.A. menu label + page title/URL	NO
https://skyhawk.org/article-unit/aes12	marine	1	Station Operations and Engineering Squadron (SOES): AES-12 (Aircraft Engineering Squadron).	AES-12 | The Skyhawk Association	AES-12	NO	U.S. Marine Corps	U.S. Marine Corps		unit	Units menu: U.S. Skyhawk Marine Units	NO
https://skyhawk.org/article-unit/mag11	marine	1	MAG-11	MAG-11 | The Skyhawk Association	MAG-11	NO	U.S. Marine Corps	U.S. Marine Corps		unit	Units menu: U.S. Skyhawk Marine Units	NO
https://skyhawk.org/article-unit/mag12	marine	1	MAG-12	MAG-12 | The Skyhawk Association	MAG-12	NO	U.S. Marine Corps	U.S. Marine Corps		unit	Units menu: U.S. Skyhawk Marine Units	NO
https://skyhawk.org/article-unit/mag13	marine	1	MAG-13	MAG-13 | The Skyhawk Association	MAG-13	NO	U.S. Marine Corps	U.S. Marine Corps		unit	Units menu: U.S. Skyhawk Marine Units	NO
https://skyhawk.org/article-unit/mag14	marine	1	MAG-14	MAG-14 | The Skyhawk Association	MAG-14	NO	U.S. Marine Corps	U.S. Marine Corps		unit	Units menu: U.S. Skyhawk Marine Units	NO
https://skyhawk.org/article-unit/mag15	marine	1	MAG-15	MAG-15 | The Skyhawk Association	MAG-15	NO	U.S. Marine Corps	U.S. Marine Corps		unit	Units menu: U.S. Skyhawk Marine Units	NO
https://skyhawk.org/article-unit/mag17	marine	1	MAG-17	MAG-17 | The Skyhawk Association	MAG-17	NO	U.S. Marine Corps	U.S. Marine Corps		unit	Units menu: U.S. Skyhawk Marine Units	NO
https://skyhawk.org/article-unit/mag24	marine	1	MAG-24	MAG-24 | The Skyhawk Association	MAG-24	NO	U.S. Marine Corps	U.S. Marine Corps		unit	Units menu: U.S. Skyhawk Marine Units	NO
https://skyhawk.org/article-unit/mag31	marine	1	MAG-31	MAG-31 | The Skyhawk Association	MAG-31	NO	U.S. Marine Corps	U.S. Marine Corps		unit	Units menu: U.S. Skyhawk Marine Units	NO
https://skyhawk.org/article-unit/mag32	marine	1	MAG-32	MAG-32 | The Skyhawk Association	MAG-32	NO	U.S. Marine Corps	U.S. Marine Corps		unit	Units menu: U.S. Skyhawk Marine Units	NO
https://skyhawk.org/article-unit/mag33	marine	1	MAG-33	MAG-33 | The Skyhawk Association	MAG-33	NO	U.S. Marine Corps	U.S. Marine Corps		unit	Units menu: U.S. Skyhawk Marine Units	NO
https://skyhawk.org/article-unit/mag41	marine	1	MAG-41	MAG-41 | The Skyhawk Association	MAG-41	NO	U.S. Marine Corps	U.S. Marine Corps		unit	Units menu: U.S. Skyhawk Marine Units	NO
https://skyhawk.org/article-unit/mag42	marine	1	VMA-142 (Regulars) - MAG-42 Det A	MAG-42 | The Skyhawk Association	MAG-42	NO	U.S. Marine Corps	U.S. Marine Corps		unit	Units menu: U.S. Skyhawk Marine Units	NO
https://skyhawk.org/article-unit/mag46	marine	1	MAG-46	MAG-46 | The Skyhawk Association	MAG-46	NO	U.S. Marine Corps	U.S. Marine Corps		unit	Units menu: U.S. Skyhawk Marine Units	NO
https://skyhawk.org/article-unit/mag49	marine	1	MAG-49	MAG-49 | The Skyhawk Association	MAG-49	NO	U.S. Marine Corps	U.S. Marine Corps		unit	Units menu: U.S. Skyhawk Marine Units	NO
https://skyhawk.org/article-unit/mars37	marine	1	MARS-37	MARS-37 | The Skyhawk Association	MARS-37	NO	U.S. Marine Corps	U.S. Marine Corps		unit	Units menu: U.S. Skyhawk Marine Units	NO
https://skyhawk.org/article-unit/mcas-cherry-point	marine	1	MCAS Cherry Point.	MCAS Cherry Point | The Skyhawk Association	MCAS Cherry Point	NO	U.S. Marine Corps	U.S. Marine Corps		unit	Units menu: U.S. Skyhawk Marine Units	NO
https://skyhawk.org/article-unit/mcas-el-toro	marine	1	MCAS El Toro, CA.	MCAS El Toro | The Skyhawk Association	MCAS El Toro	NO	U.S. Marine Corps	U.S. Marine Corps		unit	Units menu: U.S. Skyhawk Marine Units	NO
https://skyhawk.org/article-unit/mcas-kaneohe-bay	marine	1	MCAS Kaneohe Bay, HI.	MCAS Kaneohe Bay | The Skyhawk Association	MCAS Kaneohe Bay	NO	U.S. Marine Corps	U.S. Marine Corps		unit	Units menu: U.S. Skyhawk Marine Units	NO
https://skyhawk.org/article-unit/vma121	marine	1	VMA-121 Green Knights	VMA-121 | The Skyhawk Association	VMA-121	NO	U.S. Marine Corps	U.S. Marine Corps		unit	Units menu: U.S. Skyhawk Marine Units	NO
https://skyhawk.org/article-unit/vma123	marine	1	VMA-123	VMA-123 | The Skyhawk Association	VMA-123	NO	U.S. Marine Corps	U.S. Marine Corps		unit	Units menu: U.S. Skyhawk Marine Units	NO
https://skyhawk.org/article-unit/vma124r	marine	1	VMA-124 Whistling Death / Bantam Bombers	VMA-124 Reserves | The Skyhawk Association	VMA-124 Reserves	YES	U.S. Marine Corps	U.S. Marine Corps		unit	Gene review 2026-09-27	NO
https://skyhawk.org/article-unit/vma131	marine	1	VMA-131 Diamondbacks	VMA-131 Diamondbacks - Squadron Page | The Skyhawk Association	VMA-131 Diamondbacks - Squadron Page	NO	U.S. Marine Corps	U.S. Marine Corps		unit	Units menu: U.S. Skyhawk Marine Units	NO
https://skyhawk.org/article-unit/vma133	marine	1	VMA-133 Dragons	VMA-133 | The Skyhawk Association	VMA-133	NO	U.S. Marine Corps	U.S. Marine Corps		unit	Units menu: U.S. Skyhawk Marine Units	NO
https://skyhawk.org/article-unit/vma134	marine	1	VMA-134 Skyhawks	VMA-134 | The Skyhawk Association	VMA-134	NO	U.S. Marine Corps	U.S. Marine Corps		unit	Units menu: U.S. Skyhawk Marine Units	NO
https://skyhawk.org/article-unit/vma142	marine	1	VMA-142 Flying Gators	VMA-142 | The Skyhawk Association	VMA-142	NO	U.S. Marine Corps	U.S. Marine Corps		unit	Units menu: U.S. Skyhawk Marine Units	NO
https://skyhawk.org/article-unit/vma143	marine	1	VMA-143	VMA-143 | The Skyhawk Association	VMA-143	NO	U.S. Marine Corps	U.S. Marine Corps		unit	Units menu: U.S. Skyhawk Marine Units	NO
https://skyhawk.org/article-unit/vma144	marine	1	VMA-144	VMA-144 | The Skyhawk Association	VMA-144	NO	U.S. Marine Corps	U.S. Marine Corps		unit	Units menu: U.S. Skyhawk Marine Units	NO
https://skyhawk.org/article-unit/vma211	marine	1	VMA-211 Wake Island Avengers	VMA-211 | The Skyhawk Association	VMA-211	NO	U.S. Marine Corps	U.S. Marine Corps		unit	Units menu: U.S. Skyhawk Marine Units	NO
https://skyhawk.org/article-unit/vma212	marine	1	VMA-212 Devil Cats	VMA-212 | The Skyhawk Association	VMA-212	NO	U.S. Marine Corps	U.S. Marine Corps		unit	Units menu: U.S. Skyhawk Marine Units	NO
https://skyhawk.org/article-unit/vma214	marine	1	VMA-214 Blacksheep	VMA-214 | The Skyhawk Association	VMA-214	NO	U.S. Marine Corps	U.S. Marine Corps		unit	Units menu: U.S. Skyhawk Marine Units	NO
https://skyhawk.org/article-unit/vma217	marine	1	VMA-217	VMA-217 | The Skyhawk Association	VMA-217	NO	U.S. Marine Corps	U.S. Marine Corps		unit	Units menu: U.S. Skyhawk Marine Units	NO
https://skyhawk.org/article-unit/vma223	marine	1	VMA-223 Bulldogs	VMA-223 | The Skyhawk Association	VMA-223	NO	U.S. Marine Corps	U.S. Marine Corps		unit	Units menu: U.S. Skyhawk Marine Units	NO
https://skyhawk.org/article-unit/vma224	marine	1	VMA-224 Bengals	VMA-224 | The Skyhawk Association	VMA-224	NO	U.S. Marine Corps	U.S. Marine Corps		unit	Units menu: U.S. Skyhawk Marine Units	NO
https://skyhawk.org/article-unit/vma225	marine	1	VMA-225 Vagabonds / Vikings	VMA-225 | The Skyhawk Association	VMA-225	YES	U.S. Marine Corps	U.S. Marine Corps		unit	Gene review 2026-09-27	NO
https://skyhawk.org/article-unit/vma233	marine	1	VMA-233	VMA-233 | The Skyhawk Association	VMA-233	NO	U.S. Marine Corps	U.S. Marine Corps		unit	Units menu: U.S. Skyhawk Marine Units	NO
https://skyhawk.org/article-unit/vma241	marine	1	VMA-241	VMA-241 | The Skyhawk Association	VMA-241	NO	U.S. Marine Corps	U.S. Marine Corps		unit	Units menu: U.S. Skyhawk Marine Units	NO
https://skyhawk.org/article-unit/vma242	marine	1	VMA-242	VMA-242 | The Skyhawk Association	VMA-242	NO	U.S. Marine Corps	U.S. Marine Corps		unit	Units menu: U.S. Skyhawk Marine Units	NO
https://skyhawk.org/article-unit/vma311	marine	1	VMA-311 Tomcats	VMA-311 | The Skyhawk Association	VMA-311	NO	U.S. Marine Corps	U.S. Marine Corps		unit	Units menu: U.S. Skyhawk Marine Units	NO
https://skyhawk.org/article-unit/vma322	marine	1	VMA-322 Fighting Gamecocks	VMA-322 | The Skyhawk Association	VMA-322	NO	U.S. Marine Corps	U.S. Marine Corps		unit	Units menu: U.S. Skyhawk Marine Units	NO
https://skyhawk.org/article-unit/vma324	marine	1	VMA-324 Vagabonds / Devil Dogs MAG 32	VMA-324 | The Skyhawk Association	VMA-324	YES	U.S. Marine Corps	U.S. Marine Corps		unit	Gene review 2026-09-27	NO
https://skyhawk.org/article-unit/vma331	marine	1	VMA-331 Bumblebees	VMA-331 | The Skyhawk Association	VMA-331	NO	U.S. Marine Corps	U.S. Marine Corps		unit	Units menu: U.S. Skyhawk Marine Units	NO
https://skyhawk.org/article-unit/vma332	marine	1	VMA-332 Polkadots / Moonlighters	VMA-332 | The Skyhawk Association	VMA-332	YES	U.S. Marine Corps	U.S. Marine Corps		unit	Gene review 2026-09-27	NO
https://skyhawk.org/article-unit/vma533	marine	1	VMF(N)-533, VMF(AW)-533, VMA(AW)-533, VMFA(AW)-533	VMA-533 | The Skyhawk Association	VMA-533	NO	U.S. Marine Corps	U.S. Marine Corps		unit	Units menu: U.S. Skyhawk Marine Units	NO
https://skyhawk.org/article-unit/vma543	marine	1	VMA-543	VMA-543 | The Skyhawk Association	VMA-543	NO	U.S. Marine Corps	U.S. Marine Corps		unit	Units menu: U.S. Skyhawk Marine Units	NO
https://skyhawk.org/article-unit/vmat102	marine	1	VMAT-102 Skyhawks,	VMAT-102 | The Skyhawk Association	VMAT-102	NO	U.S. Marine Corps	U.S. Marine Corps		unit	Units menu: U.S. Skyhawk Marine Units	NO
https://skyhawk.org/article-unit/vmat203	marine	1	VMAT-203 Hawks.	VMAT-203 | The Skyhawk Association	VMAT-203	NO	U.S. Marine Corps	U.S. Marine Corps		unit	Units menu: U.S. Skyhawk Marine Units	NO
https://skyhawk.org/article-unit/vmt103	marine	1	VMT-103.	VMT-103 | The Skyhawk Association	VMT-103	NO	U.S. Marine Corps	U.S. Marine Corps		unit	Units menu: U.S. Skyhawk Marine Units	NO
https://skyhawk.org/article-unit/fagu	marine,navy	2	FAGU (Fleet Air Gunnery Unit), || Navy Fleet Air Gunnery Unit (FAGU),	FAGU (Fleet Air Gunnery Unit) | The Skyhawk Association	FAGU (Fleet Air Gunnery Unit)	YES	U.S. Navy	U.S. Navy		unit	Gene review 2026-09-27	NO
https://skyhawk.org/article-unit/naf-willow-grove	marine,navy	2	NAF Willow Grove, PA || VMA-131 (Regulars) - MAG-49	NAF Willow Grove | The Skyhawk Association	NAF Willow Grove	YES	U.S. Marine Corps	U.S. Marine Corps		Marine unit compendium at Joint Reserve Base	Gene review 2026-09-27	NO
https://skyhawk.org/article-unit/blues	navy	1	Skyhawks and Blue Angels	Blue Angels Flight Demonstration Team | The Skyhawk Association	Blue Angels Flight Demonstration Team	NO	U.S. Navy	U.S. Navy		unit	Units menu: U.S. Skyhawk Navy Units	NO
https://skyhawk.org/article-unit/hu2	navy	1	A/C came from, and went back to	HU-2 | The Skyhawk Association	HU-2	YES	Joint Navy/Marine	U.S. Navy / U.S. Marine Corps		mixed unit compendium	Gene review 2026-09-27	NO
https://skyhawk.org/article-unit/jttu	navy	1	JTTU	JTTU | The Skyhawk Association	JTTU	NO	U.S. Navy	U.S. Navy		unit	Units menu: U.S. Skyhawk Navy Units	NO
https://skyhawk.org/article-unit/nads-warminster	navy	1	NADC (Naval Air Development Center)	NADC Warminster | The Skyhawk Association	NADC Warminster	NO	U.S. Navy	U.S. Navy		unit	Units menu: U.S. Skyhawk Navy Units	NO
https://skyhawk.org/article-unit/naec-natf-lakehurst	navy	1	NAEC (Naval Air Engineering Center),	NAEC / NATF Lakehurst | The Skyhawk Association	NAEC / NATF Lakehurst	NO	U.S. Navy	U.S. Navy		unit	Units menu: U.S. Skyhawk Navy Units	NO
https://skyhawk.org/article-unit/naf-china-lake	navy	1	NOTS(Naval Ordinance Test Station) (NWC, NWTC, NAWS, NAWC, NAWCWD) and NWTS (Naval Weapons Test Squadron) Dust Devils.	NAF China Lake | The Skyhawk Association	NAF China Lake	NO	U.S. Navy	U.S. Navy		unit	Units menu: U.S. Skyhawk Navy Units	NO
https://skyhawk.org/article-unit/naf-detroit	navy	1	NAF Detroit, MI.	NAF Detroit | The Skyhawk Association	NAF Detroit	NO	U.S. Navy	U.S. Navy		unit	Units menu: U.S. Skyhawk Navy Units	NO
https://skyhawk.org/article-unit/naf-el-centro	navy	1	NPTC (Naval Parachute Test Center)	NAF El Centro | The Skyhawk Association	NAF El Centro	NO	U.S. Navy	U.S. Navy		unit	Units menu: U.S. Skyhawk Navy Units	NO
https://skyhawk.org/article-unit/narf-jacksonville	navy	1	NARF (Naval Air Rework Facility), O & R & FASron-6,	NARF - O and R - FASron-6 at NAS Jacksonville | The Skyhawk Association	NARF - O and R - FASron-6 at NAS Jacksonville	NO	U.S. Navy	U.S. Navy		unit	Units menu: U.S. Skyhawk Navy Units	NO
https://skyhawk.org/article-unit/narf-nas-alameda	navy	1	NAS Alameda, CA:	NARF - NAS Alameda | The Skyhawk Association	NARF - NAS Alameda	NO	U.S. Navy	U.S. Navy		unit	Units menu: U.S. Skyhawk Navy Units	NO
https://skyhawk.org/article-unit/narf-pensacola	navy	1	NARF (Naval Air Rework Facility) O & R & NADEP	NARF at NAS Pensacola | The Skyhawk Association	NARF at NAS Pensacola	NO	U.S. Navy	U.S. Navy		unit	Units menu: U.S. Skyhawk Navy Units	NO
https://skyhawk.org/article-unit/nas-atlanta	navy	1	NAS Atlanta, GA	NAS Atlanta - Reserves | The Skyhawk Association	NAS Atlanta - Reserves	NO	U.S. Navy	U.S. Navy		unit	Units menu: U.S. Skyhawk Navy Units	NO
https://skyhawk.org/article-unit/nas-chase-field	navy	1	NAAS/NAS Chase Field, TX	NAS Chase Field | The Skyhawk Association	NAS Chase Field	YES	U.S. Navy	U.S. Navy		Navy trainer facility	Gene review 2026-09-27	NO
https://skyhawk.org/article-unit/nas-cubi-point	navy	1	NAS Cubi Point, Phillipines	NAS Cubi Point | The Skyhawk Association	NAS Cubi Point	NO	U.S. Navy	U.S. Navy		unit	Units menu: U.S. Skyhawk Navy Units	NO
https://skyhawk.org/article-unit/nas-dallas	navy	1	NAS Dallas, TX	NAS Dallas | The Skyhawk Association	NAS Dallas	NO	U.S. Navy	U.S. Navy		unit	Units menu: U.S. Skyhawk Navy Units	NO
https://skyhawk.org/article-unit/nas-floyd-bennett-field	navy	1	NAS New York, NY.	NAS New York - Floyd Bennett Field | The Skyhawk Association	NAS New York - Floyd Bennett Field	NO	U.S. Navy	U.S. Navy		unit	Units menu: U.S. Skyhawk Navy Units	NO
https://skyhawk.org/article-unit/nas-glenview	navy	1	NAS Glenview, IL	NAS Glenview | The Skyhawk Association	NAS Glenview	NO	U.S. Navy	U.S. Navy		unit	Units menu: U.S. Skyhawk Navy Units	NO
https://skyhawk.org/article-unit/nas-glynco	navy	1	NAS Glynco, GA	NAS Glynco | The Skyhawk Association	NAS Glynco	NO	U.S. Navy	U.S. Navy		unit	Units menu: U.S. Skyhawk Navy Units	NO
https://skyhawk.org/article-unit/nas-grosse-ile	navy	1	NAS Grosse Ile, MI.	NAS Grosse Ile | The Skyhawk Association	NAS Grosse Ile	NO	U.S. Navy	U.S. Navy		unit	Units menu: U.S. Skyhawk Navy Units	NO
https://skyhawk.org/article-unit/nas-jacksonville-reserves	navy	1	NAS Jacksonville, FL.	NAS Jacksonville Reserves | The Skyhawk Association	NAS Jacksonville Reserves	NO	U.S. Navy	U.S. Navy		unit	Units menu: U.S. Skyhawk Navy Units	NO
https://skyhawk.org/article-unit/nas-key-west	navy	1	NAS Key West, FL.	NAS Key West | The Skyhawk Association	NAS Key West	NO	U.S. Navy	U.S. Navy		unit	Units menu: U.S. Skyhawk Navy Units	NO
https://skyhawk.org/article-unit/nas-lemoore	navy	1	NAS Lemoore, CA	NAS Lemoore | The Skyhawk Association	NAS Lemoore	NO	U.S. Navy	U.S. Navy		unit	Units menu: U.S. Skyhawk Navy Units	NO
https://skyhawk.org/article-unit/nas-los-alamitos	navy	1	NAS Los Alamitos,	NAS Los Alamitos | The Skyhawk Association	NAS Los Alamitos	NO	U.S. Navy	U.S. Navy		unit	Units menu: U.S. Skyhawk Navy Units	NO
https://skyhawk.org/article-unit/nas-memphis	navy	1	NAS Memphis, TN.	NAS Memphis | The Skyhawk Association	NAS Memphis	NO	U.S. Navy	U.S. Navy		unit	Units menu: U.S. Skyhawk Navy Units	NO
https://skyhawk.org/article-unit/nas-minneapolis	navy	1	NAS Twin Cities, Minneapolis, MN.	NAS Minneapolis | The Skyhawk Association	NAS Minneapolis	NO	U.S. Navy	U.S. Navy		unit	Units menu: U.S. Skyhawk Navy Units	NO
https://skyhawk.org/article-unit/nas-new-orleans	navy	1	NAS New Orleans, LA	NAS New Orleans | The Skyhawk Association	NAS New Orleans	NO	U.S. Navy	U.S. Navy		unit	Units menu: U.S. Skyhawk Navy Units	NO
https://skyhawk.org/article-unit/nas-norfolk	navy	1	NAS Norfolk, VA.	NAS Norfolk | The Skyhawk Association	NAS Norfolk	NO	U.S. Navy	U.S. Navy		unit	Units menu: U.S. Skyhawk Navy Units	NO
https://skyhawk.org/article-unit/nas-north-island	navy	1	NAS North Island, CA	NAS North Island | The Skyhawk Association	NAS North Island	NO	U.S. Navy	U.S. Navy		unit	Units menu: U.S. Skyhawk Navy Units	NO
https://skyhawk.org/article-unit/nas-oceana	navy	1	NAS Oceana, VA	NAS Oceana | The Skyhawk Association	NAS Oceana	NO	U.S. Navy	U.S. Navy		unit	Units menu: U.S. Skyhawk Navy Units	NO
https://skyhawk.org/article-unit/nas-olathe	navy	1	NAS Olathe, KS	NAS Olathe | The Skyhawk Association	NAS Olathe	NO	U.S. Navy	U.S. Navy		unit	Units menu: U.S. Skyhawk Navy Units	NO
https://skyhawk.org/article-unit/nas-pensacola	navy	1	NAS Pensacola, FL	NAS Pensacola | The Skyhawk Association	NAS Pensacola	NO	U.S. Navy	U.S. Navy		unit	Units menu: U.S. Skyhawk Navy Units	NO
https://skyhawk.org/article-unit/nas-point-mugu	navy	1	NWTC (Naval Weapons Test Center) & NWTS (Naval Weapons Test Squadron) (Point Mugu Blood Hounds)	NAS Point Mugu | The Skyhawk Association	NAS Point Mugu	NO	U.S. Navy	U.S. Navy		unit	Units menu: U.S. Skyhawk Navy Units	NO
https://skyhawk.org/article-unit/nas-quonset-point	navy	1	NATU (Naval A/C Torpedo Unit) NARF (Naval Air Repair Facility), O & R, FASron-2 & HS-74	NAS Quonset Point | The Skyhawk Association	NAS Quonset Point	YES	U.S. Navy	U.S. Navy		Navy facility with Navy aircraft	Gene review 2026-09-27	NO
https://skyhawk.org/article-unit/nas-south-weymouth	navy	1	NAS South Weymouth, MA	NAS South Weymouth Reserves | The Skyhawk Association	NAS South Weymouth Reserves	NO	U.S. Navy	U.S. Navy		unit	Units menu: U.S. Skyhawk Navy Units	NO
https://skyhawk.org/article-unit/natc-pax	navy	1	NAS Patuxent River, MD	NATC Patuxent River | The Skyhawk Association	NATC Patuxent River	NO	U.S. Navy	U.S. Navy		unit	Units menu: U.S. Skyhawk Navy Units	NO
https://skyhawk.org/article-unit/nfws	navy	1	NFWS (Navy Fighter Weapons School) TOP GUN	Navy Fighter Weapons School | The Skyhawk Association	Navy Fighter Weapons School	NO	U.S. Navy	U.S. Navy		unit	Units menu: U.S. Skyhawk Navy Units	NO
https://skyhawk.org/article-unit/ntps-patuxent-river	navy	1	NTPS (Naval Test Pilot School)	NTPS Patuxent River | The Skyhawk Association	NTPS Patuxent River	NO	U.S. Navy	U.S. Navy		unit	Units menu: U.S. Skyhawk Navy Units	NO
https://skyhawk.org/article-unit/nwef-albuquerque	navy	1	NWEF (Naval Weapons & Evaluation Facility)	NWEF Albuquerque | The Skyhawk Association	NWEF Albuquerque	NO	U.S. Navy	U.S. Navy		unit	Units menu: U.S. Skyhawk Navy Units	NO
https://skyhawk.org/article-unit/pmtc-point-mugu	navy	1	NMC (Naval Missle Center), PMTC (Pacific Missile Test Center and predecessor NMC)	PMTC (Pacific Missle Test Center) | The Skyhawk Association	PMTC (Pacific Missle Test Center)	NO	U.S. Navy	U.S. Navy		unit	Units menu: U.S. Skyhawk Navy Units	NO
https://skyhawk.org/article-unit/rag-cvg4	navy	1	Replacement Air Group (RAG) Training Squadron	RAG CVG-4 Formed | The Skyhawk Association	RAG CVG-4 Formed	NO	U.S. Navy	U.S. Navy		unit	Units menu: U.S. Skyhawk Navy Units	NO
https://skyhawk.org/article-unit/rvah3	navy	1	RVAH-3	RVAH-3 | The Skyhawk Association	RVAH-3	NO	U.S. Navy	U.S. Navy		unit	Units menu: U.S. Skyhawk Navy Units	NO
https://skyhawk.org/article-unit/tw1	navy	1	TW-1	TW-1 | The Skyhawk Association	TW-1	NO	U.S. Navy	U.S. Navy		unit	Units menu: U.S. Skyhawk Navy Units	NO
https://skyhawk.org/article-unit/tw2	navy	1	TW-2	TW-2 | The Skyhawk Association	TW-2	NO	U.S. Navy	U.S. Navy		unit	Units menu: U.S. Skyhawk Navy Units	NO
https://skyhawk.org/article-unit/tw3	navy	1	TW-3	TW-3 | The Skyhawk Association	TW-3	NO	U.S. Navy	U.S. Navy		unit	Units menu: U.S. Skyhawk Navy Units	NO
https://skyhawk.org/article-unit/tw6	navy	1	TW-6	TW-6 | The Skyhawk Association	TW-6	NO	U.S. Navy	U.S. Navy		unit	Units menu: U.S. Skyhawk Navy Units	NO
https://skyhawk.org/article-unit/va0686	navy	1	Volunteer Attack Squadron VA-0686	VA-0686 | The Skyhawk Association	VA-0686	NO	U.S. Navy	U.S. Navy		unit	Units menu: U.S. Skyhawk Navy Units	NO
https://skyhawk.org/article-unit/va106	navy	1	VA-106	VA-106 | The Skyhawk Association	VA-106	NO	U.S. Navy	U.S. Navy		unit	Units menu: U.S. Skyhawk Navy Units	NO
https://skyhawk.org/article-unit/va112	navy	1	VA-112	VA-112 | The Skyhawk Association	VA-112	NO	U.S. Navy	U.S. Navy		unit	Units menu: U.S. Skyhawk Navy Units	NO
https://skyhawk.org/article-unit/va113	navy	1	VA-113	VA-113 | The Skyhawk Association	VA-113	NO	U.S. Navy	U.S. Navy		unit	Units menu: U.S. Skyhawk Navy Units	NO
https://skyhawk.org/article-unit/va12	navy	1	VA-12	VA-12 | The Skyhawk Association	VA-12	NO	U.S. Navy	U.S. Navy		unit	Units menu: U.S. Skyhawk Navy Units	NO
https://skyhawk.org/article-unit/va125	navy	1	VA-125	VA-125 | The Skyhawk Association	VA-125	NO	U.S. Navy	U.S. Navy		unit	Units menu: U.S. Skyhawk Navy Units	NO
https://skyhawk.org/article-unit/va126	navy	1	VA-126	VA-126 | The Skyhawk Association	VA-126	NO	U.S. Navy	U.S. Navy		unit	Units menu: U.S. Skyhawk Navy Units	NO
https://skyhawk.org/article-unit/va127	navy	1	VA-127	VA-127 | The Skyhawk Association	VA-127	NO	U.S. Navy	U.S. Navy		unit	Units menu: U.S. Skyhawk Navy Units	NO
https://skyhawk.org/article-unit/va133	navy	1	VA-133	VA-133 | The Skyhawk Association	VA-133	NO	U.S. Navy	U.S. Navy		unit	Units menu: U.S. Skyhawk Navy Units	NO
https://skyhawk.org/article-unit/va134	navy	1	VA-134	VA-134 | The Skyhawk Association	VA-134	NO	U.S. Navy	U.S. Navy		unit	Units menu: U.S. Skyhawk Navy Units	NO
https://skyhawk.org/article-unit/va144	navy	1	VA-144	VA-144 | The Skyhawk Association	VA-144	NO	U.S. Navy	U.S. Navy		unit	Units menu: U.S. Skyhawk Navy Units	NO
https://skyhawk.org/article-unit/va146	navy	1	VA-146	VA-146 | The Skyhawk Association	VA-146	NO	U.S. Navy	U.S. Navy		unit	Units menu: U.S. Skyhawk Navy Units	NO
https://skyhawk.org/article-unit/va15	navy	1	VA-15	VA-15 | The Skyhawk Association	VA-15	NO	U.S. Navy	U.S. Navy		unit	Units menu: U.S. Skyhawk Navy Units	NO
https://skyhawk.org/article-unit/va152	navy	1	VA-152	VA-152 | The Skyhawk Association	VA-152	NO	U.S. Navy	U.S. Navy		unit	Units menu: U.S. Skyhawk Navy Units	NO
https://skyhawk.org/article-unit/va153	navy	1	VA-153	VA-153 | The Skyhawk Association	VA-153	NO	U.S. Navy	U.S. Navy		unit	Units menu: U.S. Skyhawk Navy Units	NO
https://skyhawk.org/article-unit/va155	navy	1	VA-155	VA-155 | The Skyhawk Association	VA-155	NO	U.S. Navy	U.S. Navy		unit	Units menu: U.S. Skyhawk Navy Units	NO
https://skyhawk.org/article-unit/va163	navy	1	VA-163	VA-163 | The Skyhawk Association	VA-163	NO	U.S. Navy	U.S. Navy		unit	Units menu: U.S. Skyhawk Navy Units	NO
https://skyhawk.org/article-unit/va164	navy	1	VA-164	VA-164 | The Skyhawk Association	VA-164	NO	U.S. Navy	U.S. Navy		unit	Units menu: U.S. Skyhawk Navy Units	NO
https://skyhawk.org/article-unit/va172	navy	1	VA-172	VA-172 | The Skyhawk Association	VA-172	NO	U.S. Navy	U.S. Navy		unit	Units menu: U.S. Skyhawk Navy Units	NO
https://skyhawk.org/article-unit/va192	navy	1	VA-192	VA-192 | The Skyhawk Association	VA-192	NO	U.S. Navy	U.S. Navy		unit	Units menu: U.S. Skyhawk Navy Units	NO
https://skyhawk.org/article-unit/va195	navy	1	VA-195	VA-195 | The Skyhawk Association	VA-195	NO	U.S. Navy	U.S. Navy		unit	Units menu: U.S. Skyhawk Navy Units	NO
https://skyhawk.org/article-unit/va202	navy	1	VA-202; other reserves	VA-202 | The Skyhawk Association	VA-202	YES	U.S. Navy	U.S. Navy		unit	Gene review 2026-09-27	NO
https://skyhawk.org/article-unit/va203	navy	1	VA-203	VA-203 | The Skyhawk Association	VA-203	NO	U.S. Navy	U.S. Navy		unit	Units menu: U.S. Skyhawk Navy Units	NO
https://skyhawk.org/article-unit/va204	navy	1	VA-204 River Rattler	VA-204 | The Skyhawk Association	VA-204	NO	U.S. Navy	U.S. Navy		unit	Units menu: U.S. Skyhawk Navy Units	NO
https://skyhawk.org/article-unit/va205	navy	1	VA-205 Green Falcons	VA-205 | The Skyhawk Association	VA-205	NO	U.S. Navy	U.S. Navy		unit	Units menu: U.S. Skyhawk Navy Units	NO
https://skyhawk.org/article-unit/va209	navy	1	VA-725/VA-209 Air Barons flew demonstrations from 1967 to 1971 with the A-4L.	VA-209 | The Skyhawk Association	VA-209	YES	U.S. Navy	U.S. Navy		unit	Gene review 2026-09-27	NO
https://skyhawk.org/article-unit/va210	navy	1	VA-210 Black Hawks	VA-210 | The Skyhawk Association	VA-210	NO	U.S. Navy	U.S. Navy		unit	Units menu: U.S. Skyhawk Navy Units	NO
https://skyhawk.org/article-unit/va212	navy	1	VA-212	VA-212 | The Skyhawk Association	VA-212	NO	U.S. Navy	U.S. Navy		unit	Units menu: U.S. Skyhawk Navy Units	NO
https://skyhawk.org/article-unit/va216	navy	1	VA-216	VA-216 | The Skyhawk Association	VA-216	NO	U.S. Navy	U.S. Navy		unit	Units menu: U.S. Skyhawk Navy Units	NO
https://skyhawk.org/article-unit/va22	navy	1	VA-22	VA-22 | The Skyhawk Association	VA-22	NO	U.S. Navy	U.S. Navy		unit	Units menu: U.S. Skyhawk Navy Units	NO
https://skyhawk.org/article-unit/va23	navy	1	VA-23	VA-23 | The Skyhawk Association	VA-23	NO	U.S. Navy	U.S. Navy		unit	Units menu: U.S. Skyhawk Navy Units	NO
https://skyhawk.org/article-unit/va303	navy	1	VA-303 Golden Hawks	VA-303 | The Skyhawk Association	VA-303	NO	U.S. Navy	U.S. Navy		unit	Units menu: U.S. Skyhawk Navy Units	NO
https://skyhawk.org/article-unit/va304	navy	1	VA-304 Fire Birds	VA-304 | The Skyhawk Association	VA-304	NO	U.S. Navy	U.S. Navy		unit	Units menu: U.S. Skyhawk Navy Units	NO
https://skyhawk.org/article-unit/va305	navy	1	VA-305	VA-305 | The Skyhawk Association	VA-305	NO	U.S. Navy	U.S. Navy		unit	Units menu: U.S. Skyhawk Navy Units	NO
https://skyhawk.org/article-unit/va34	navy	1	VA-34	VA-34 | The Skyhawk Association	VA-34	NO	U.S. Navy	U.S. Navy		unit	Units menu: U.S. Skyhawk Navy Units	NO
https://skyhawk.org/article-unit/va36	navy	1	VA-36	VA-36 | The Skyhawk Association	VA-36	NO	U.S. Navy	U.S. Navy		unit	Units menu: U.S. Skyhawk Navy Units	NO
https://skyhawk.org/article-unit/va43	navy	1	VA-43	VA-43 | The Skyhawk Association	VA-43	NO	U.S. Navy	U.S. Navy		unit	Units menu: U.S. Skyhawk Navy Units	NO
https://skyhawk.org/article-unit/va44	navy	1	VA-44	VA-44 | The Skyhawk Association	VA-44	NO	U.S. Navy	U.S. Navy		unit	Units menu: U.S. Skyhawk Navy Units	NO
https://skyhawk.org/article-unit/va45	navy	1	VA-45	VA-45 / VF-45 | The Skyhawk Association	VA-45 / VF-45	NO	U.S. Navy	U.S. Navy		unit	Units menu: U.S. Skyhawk Navy Units	NO
https://skyhawk.org/article-unit/va46	navy	1	VA-46	VA-46 | The Skyhawk Association	VA-46	NO	U.S. Navy	U.S. Navy		unit	Units menu: U.S. Skyhawk Navy Units	NO
https://skyhawk.org/article-unit/va55	navy	1	VA-55	VA-55 | The Skyhawk Association	VA-55	NO	U.S. Navy	U.S. Navy		unit	Units menu: U.S. Skyhawk Navy Units	NO
https://skyhawk.org/article-unit/va56	navy	1	VA-56	VA-56 | The Skyhawk Association	VA-56	NO	U.S. Navy	U.S. Navy		unit	Units menu: U.S. Skyhawk Navy Units	NO
https://skyhawk.org/article-unit/va64	navy	1	VA-64	VA-64 | The Skyhawk Association	VA-64	NO	U.S. Navy	U.S. Navy		unit	Units menu: U.S. Skyhawk Navy Units	NO
https://skyhawk.org/article-unit/va66	navy	1	VA-66	VA-66 | The Skyhawk Association	VA-66	NO	U.S. Navy	U.S. Navy		unit	Units menu: U.S. Skyhawk Navy Units	NO
https://skyhawk.org/article-unit/va72	navy	1	VA-72	VA-72 | The Skyhawk Association	VA-72	NO	U.S. Navy	U.S. Navy		unit	Units menu: U.S. Skyhawk Navy Units	NO
https://skyhawk.org/article-unit/va76	navy	1	VA-76	VA-76 | The Skyhawk Association	VA-76	NO	U.S. Navy	U.S. Navy		unit	Units menu: U.S. Skyhawk Navy Units	NO
https://skyhawk.org/article-unit/va776	navy	1	VA-771, 772, 773, 776	VA-776 | The Skyhawk Association	VA-776	NO	U.S. Navy	U.S. Navy		unit	Units menu: U.S. Skyhawk Navy Units	NO
https://skyhawk.org/article-unit/va791	navy	1	VF/VA-791 Fighting Rebels,	VA-791 | The Skyhawk Association	VA-791	YES	U.S. Navy	U.S. Navy		unit	Gene review 2026-09-27	NO
https://skyhawk.org/article-unit/va81	navy	1	VA-81	VA-81 | The Skyhawk Association	VA-81	NO	U.S. Navy	U.S. Navy		unit	Units menu: U.S. Skyhawk Navy Units	NO
https://skyhawk.org/article-unit/va811	navy	1	VA-811, VA5E2 and VA-813	VA-811 | The Skyhawk Association	VA-811	NO	U.S. Navy	U.S. Navy		unit	Units menu: U.S. Skyhawk Navy Units	NO
https://skyhawk.org/article-unit/va83	navy	1	VA-83	VA-83 | The Skyhawk Association	VA-83	NO	U.S. Navy	U.S. Navy		unit	Units menu: U.S. Skyhawk Navy Units	NO
https://skyhawk.org/article-unit/va831	navy	1	VA-831 Mohicans, VA-832 Blue Lightning	VA-831 | The Skyhawk Association	VA-831	NO	U.S. Navy	U.S. Navy		unit	Units menu: U.S. Skyhawk Navy Units	NO
https://skyhawk.org/article-unit/va86	navy	1	VA-86	VA-86 | The Skyhawk Association	VA-86	NO	U.S. Navy	U.S. Navy		unit	Units menu: U.S. Skyhawk Navy Units	NO
https://skyhawk.org/article-unit/va861	navy	1	VA-861	VA-861 | The Skyhawk Association	VA-861	NO	U.S. Navy	U.S. Navy		unit	Units menu: U.S. Skyhawk Navy Units	NO
https://skyhawk.org/article-unit/va873	navy	1	VA-873	VA-873 | The Skyhawk Association	VA-873	NO	U.S. Navy	U.S. Navy		unit	Units menu: U.S. Skyhawk Navy Units	NO
https://skyhawk.org/article-unit/va892	navy	1	VA-892 Thunder Birds	VA-892 | The Skyhawk Association	VA-892	NO	U.S. Navy	U.S. Navy		unit	Units menu: U.S. Skyhawk Navy Units	NO
https://skyhawk.org/article-unit/va93	navy	1	VA-93	VA-93 | The Skyhawk Association	VA-93	NO	U.S. Navy	U.S. Navy		unit	Units menu: U.S. Skyhawk Navy Units	NO
https://skyhawk.org/article-unit/va94	navy	1	VA-94	VA-94 | The Skyhawk Association	VA-94	NO	U.S. Navy	U.S. Navy		unit	Units menu: U.S. Skyhawk Navy Units	NO
https://skyhawk.org/article-unit/va95	navy	1	VA-95	VA-95 | The Skyhawk Association	VA-95	NO	U.S. Navy	U.S. Navy		unit	Units menu: U.S. Skyhawk Navy Units	NO
https://skyhawk.org/article-unit/vaq33	navy	1	VAQ-33	VAQ-33 | The Skyhawk Association	VAQ-33	NO	U.S. Navy	U.S. Navy		unit	Units menu: U.S. Skyhawk Navy Units	NO
https://skyhawk.org/article-unit/vc1	navy	1	VC-1	VC-1 | The Skyhawk Association	VC-1	NO	U.S. Navy	U.S. Navy		unit	Units menu: U.S. Skyhawk Navy Units	NO
https://skyhawk.org/article-unit/vc10	navy	1	VC-10	VC-10 | The Skyhawk Association	VC-10	NO	U.S. Navy	U.S. Navy		unit	Units menu: U.S. Skyhawk Navy Units	NO
https://skyhawk.org/article-unit/vc12	navy	1	VC-12 (VFC-12)	VC-12 | The Skyhawk Association	VC-12	NO	U.S. Navy	U.S. Navy		unit	Units menu: U.S. Skyhawk Navy Units	NO
https://skyhawk.org/article-unit/vc13	navy	1	VC-13 (VFC-13)	VC-13 | The Skyhawk Association	VC-13	NO	U.S. Navy	U.S. Navy		unit	Units menu: U.S. Skyhawk Navy Units	NO
https://skyhawk.org/article-unit/vc2	navy	1	VC-2	VC-2 | The Skyhawk Association	VC-2	NO	U.S. Navy	U.S. Navy		unit	Units menu: U.S. Skyhawk Navy Units	NO
https://skyhawk.org/article-unit/vc4	navy	1	VC-4 Det Cecil Field	VC-4 | The Skyhawk Association	VC-4	NO	U.S. Navy	U.S. Navy		unit	Units menu: U.S. Skyhawk Navy Units	NO
https://skyhawk.org/article-unit/vc5	navy	1	VC-5	VC-5 | The Skyhawk Association	VC-5	NO	U.S. Navy	U.S. Navy		unit	Units menu: U.S. Skyhawk Navy Units	NO
https://skyhawk.org/article-unit/vc7	navy	1	VC-7	VC-7 | The Skyhawk Association	VC-7	NO	U.S. Navy	U.S. Navy		unit	Units menu: U.S. Skyhawk Navy Units	NO
https://skyhawk.org/article-unit/vc8	navy	1	VC-8	VC-8 | The Skyhawk Association	VC-8	NO	U.S. Navy	U.S. Navy		unit	Units menu: U.S. Skyhawk Navy Units	NO
https://skyhawk.org/article-unit/vf101	navy	1	VF-101	VF-101 | The Skyhawk Association	VF-101	NO	U.S. Navy	U.S. Navy		unit	Units menu: U.S. Skyhawk Navy Units	NO
https://skyhawk.org/article-unit/vf171	navy	1	VF-171	VF-171 | The Skyhawk Association	VF-171	NO	U.S. Navy	U.S. Navy		unit	Units menu: U.S. Skyhawk Navy Units	NO
https://skyhawk.org/article-unit/vfaw3	navy	1	VF(AW)-3	VF(AW)-3 | The Skyhawk Association	VF(AW)-3	NO	U.S. Navy	U.S. Navy		unit	Units menu: U.S. Skyhawk Navy Units	NO
https://skyhawk.org/article-unit/vrf31	navy	1	VRF-31	VRF-31 | The Skyhawk Association	VRF-31	NO	U.S. Navy	U.S. Navy		unit	Units menu: U.S. Skyhawk Navy Units	NO
https://skyhawk.org/article-unit/vsf1	navy	1	VSF-1	VSF-1 | The Skyhawk Association	VSF-1	NO	U.S. Navy	U.S. Navy		unit	Units menu: U.S. Skyhawk Navy Units	NO
https://skyhawk.org/article-unit/vsf3	navy	1	VSF-3	VSF-3 | The Skyhawk Association	VSF-3	NO	U.S. Navy	U.S. Navy		unit	Units menu: U.S. Skyhawk Navy Units	NO
https://skyhawk.org/article-unit/vsf76	navy	1	VSF-76	VSF-76 | The Skyhawk Association	VSF-76	NO	U.S. Navy	U.S. Navy		unit	Units menu: U.S. Skyhawk Navy Units	NO
https://skyhawk.org/article-unit/vsf86	navy	1	VSF-86	VSF-86 | The Skyhawk Association	VSF-86	NO	U.S. Navy	U.S. Navy		unit	Units menu: U.S. Skyhawk Navy Units	NO
https://skyhawk.org/article-unit/vt1	navy	1	VT-1 Eaglets	VT-1 | The Skyhawk Association	VT-1	NO	U.S. Navy	U.S. Navy		unit	Units menu: U.S. Skyhawk Navy Units	NO
https://skyhawk.org/article-unit/vt19	navy	1	VT-19 Attack Frogs	VT-19 | The Skyhawk Association	VT-19	NO	U.S. Navy	U.S. Navy		unit	Units menu: U.S. Skyhawk Navy Units	NO
https://skyhawk.org/article-unit/vt21	navy	1	VT-21 Fighting Red Hawks	VT-21 | The Skyhawk Association	VT-21	NO	U.S. Navy	U.S. Navy		unit	Units menu: U.S. Skyhawk Navy Units	NO
https://skyhawk.org/article-unit/vt22	navy	1	VT-22 Golden Eagles	VT-22 | The Skyhawk Association	VT-22	NO	U.S. Navy	U.S. Navy		unit	Units menu: U.S. Skyhawk Navy Units	NO
https://skyhawk.org/article-unit/vt23	navy	1	VT-23 Professionals	VT-23 | The Skyhawk Association	VT-23	NO	U.S. Navy	U.S. Navy		unit	Units menu: U.S. Skyhawk Navy Units	NO
https://skyhawk.org/article-unit/vt24	navy	1	VT-24 Bobcats	VT-24 | The Skyhawk Association	VT-24	NO	U.S. Navy	U.S. Navy		unit	Units menu: U.S. Skyhawk Navy Units	NO
https://skyhawk.org/article-unit/vt25	navy	1	VT-25 Cougars	VT-25 | The Skyhawk Association	VT-25	NO	U.S. Navy	U.S. Navy		unit	Units menu: U.S. Skyhawk Navy Units	NO
https://skyhawk.org/article-unit/vt26	navy	1	VT-26 Flying Tigers	VT-26 | The Skyhawk Association	VT-26	NO	U.S. Navy	U.S. Navy		unit	Units menu: U.S. Skyhawk Navy Units	NO
https://skyhawk.org/article-unit/vt35	navy	1	VT-35 Sting Rays	VT-35 | The Skyhawk Association	VT-35	NO	U.S. Navy	U.S. Navy		unit	Units menu: U.S. Skyhawk Navy Units	NO
https://skyhawk.org/article-unit/vt4	navy	1	VT-4 Mighty War Bucks	VT-4 | The Skyhawk Association	VT-4	NO	U.S. Navy	U.S. Navy		unit	Units menu: U.S. Skyhawk Navy Units	NO
https://skyhawk.org/article-unit/vt7	navy	1	VT-7 Eagles	VT-7 | The Skyhawk Association	VT-7	NO	U.S. Navy	U.S. Navy		unit	Units menu: U.S. Skyhawk Navy Units	NO
https://skyhawk.org/article-unit/vt86	navy	1	VT-86 Sabrehawks	VT-86 | The Skyhawk Association	VT-86	NO	U.S. Navy	U.S. Navy		unit	Units menu: U.S. Skyhawk Navy Units	NO
https://skyhawk.org/article-unit/vt9	navy	1	VT-9 Tigers	VT-9 | The Skyhawk Association	VT-9	NO	U.S. Navy	U.S. Navy		unit	Units menu: U.S. Skyhawk Navy Units	NO
https://skyhawk.org/article-unit/vx4	navy	1	VX-4	VX-4 | The Skyhawk Association	VX-4	NO	U.S. Navy	U.S. Navy		unit	Units menu: U.S. Skyhawk Navy Units	NO
https://skyhawk.org/article-unit/vx5	navy	1	VX-5	VX-5 | The Skyhawk Association	VX-5	NO	U.S. Navy	U.S. Navy		unit	Units menu: U.S. Skyhawk Navy Units	NO
https://skyhawk.org/node/49222	reference	1	A-4 Skyhawks Still Flying	A-4 Skyhawks Still Flying | The Skyhawk Association	A-4 Skyhawks Still Flying	YES	Reference	Civilian and non-U.S. military operators		current-operator reference	Gene review 2026-09-27	NO
